{
  "2233 Kalakaua Avenue B310, Honolulu, HI, 96815": [
    21.278721,
    -157.8294248
  ],
  "Appetito Craft Pizza & Wine Bar, Waikiki, Honolulu, HI": [
    21.2778478,
    -157.8246824
  ],
  "Banán, Waikiki, Honolulu, HI": [
    21.2773117,
    -157.8277843
  ],
  "Duke's Waikiki, Waikiki, Honolulu, HI": [
    21.2768421,
    -157.8277917
  ],
  "Hula Grill Waikiki, Waikiki, Honolulu, HI": [
    21.2769825,
    -157.8277491
  ],
  "Noi Thai Cuisine, Waikiki, Honolulu, HI": [
    21.2779061,
    -157.827948
  ],
  "Tonkatsu Ginza Bairin, Waikiki, Honolulu, HI": [
    21.2801166,
    -157.8309164
  ]
}
