{
  "00amEach day, every dayOur Address2570 Kalakaua Ave., Honolulu, HI 96815": [
    21.2722354,
    -157.8230022
  ],
  "1108 Auahi Street, Honolulu, HI, 96814": [
    21.2937886,
    -157.8522387
  ],
  "1120 12th Avenue, 2nd Floor, Honolulu, HI 96816": [
    21.2815985,
    -157.7995746
  ],
  "1129 North Nimitz Highway, Honolulu, HI 96817": [
    21.3176737,
    -157.8767338
  ],
  "1200 Ala Moana Blvd, Ste B2115, Honolulu, HI 96814": [
    21.2927531,
    -157.8528417
  ],
  "150 Ka‘iulani Ave., Honolulu, HI 96815": [
    21.2779003,
    -157.8250674
  ],
  "1632 Hart St., Honolulu, HI 96817": [
    21.3242599,
    -157.8806806
  ],
  "1945 Kalakaua Avenue, Honolulu, HI, 96815": [
    21.285921,
    -157.8329576
  ],
  "22301 Kalakaua Avenue, Honolulu, HI 96815": [
    21.2749385,
    -157.8245636
  ],
  "2233 Kalakaua Avenue B310, Honolulu, HI, 96815": [
    21.278721,
    -157.8294248
  ],
  "2255 Kuhio Ave., Honolulu, HI, 96815": [
    21.2794303,
    -157.8269253
  ],
  "2299 Kuhio Ave, Honolulu, HI 96815": [
    21.2792525,
    -157.8265059
  ],
  "2301 Kalakaua Ave Building C, Space 102AB, Honolulu, HI 96815": [
    21.2783485,
    -157.8286924
  ],
  "2301 Kalakaua Ave.,Building C, Level 3, Honolulu, HI 96815": [
    21.2783261,
    -157.8284086
  ],
  "2310 Kuhio Ave. #143, Honolulu, HI 96815": [
    21.2795054,
    -157.8257137
  ],
  "2310 Kūhiō Ave. #1-A, Honolulu, HI 96815": [
    21.2795054,
    -157.8257137
  ],
  "2330 Kalākaua Ave #330, Honolulu, HI, 96815": [
    21.2783385,
    -157.8260782
  ],
  "2365 Kalakaua Ave, Honolulu, HI 96815": [
    21.276499,
    -157.8268852
  ],
  "2380 Kūhiō Ave., Honolulu, HI 96815": [
    21.278464,
    -157.8244616
  ],
  "255 Beach Walk, Honolulu, HI 96815": [
    21.2800253,
    -157.8309648
  ],
  "2586 Kalākaua Ave, Honolulu, HI 96815": [
    21.2719973,
    -157.822408
  ],
  "298 Beach Walk, Honolulu, HI 96815": [
    21.2811161,
    -157.8307366
  ],
  "311 Lewers Street, Honolulu, HI, 96815": [
    21.2802786,
    -157.829442
  ],
  "334 Seaside Ave, Suite 701, Honolulu, HI 96815": [
    21.2796322,
    -157.8280245
  ],
  "35 N HOTEL STREET, HONOLULU, HI 96817": [
    21.311453,
    -157.8624324
  ],
  "3536 Harding Ave., Honolulu, HI 96816": [
    21.2819849,
    -157.8009943
  ],
  "383 KALAIMOKU ST., 1F, HONOLULU, HI 96815": [
    21.2785981,
    -157.8295222
  ],
  "383 Kalaimoku St, Honolulu, HI 96815": [
    21.2826223,
    -157.8298755
  ],
  "410 Atkinson Drive, Suite 1F4, Honolulu, HI 96814": [
    21.2905774,
    -157.8396521
  ],
  "412 Lewers Street, Honolulu, HI 96815": [
    21.2820881,
    -157.8281776
  ],
  "4211 Waialae Ave, E-1, Honolulu, HI, 96816": [
    21.2774954,
    -157.7864165
  ],
  "431 Nohonani St, Honolulu Hi 96815": [
    21.2800825,
    -157.825519
  ],
  "700 Queen St., Honolulu, HI 96813": [
    21.3008185,
    -157.8568287
  ],
  "Appetito Craft Pizza & Wine Bar, Waikiki, Honolulu, HI": [
    21.2778478,
    -157.8246824
  ],
  "Banán, Waikiki, Honolulu, HI": [
    21.2773117,
    -157.8277843
  ],
  "Buho Cocina y Cantina, Waikiki, Honolulu, HI": [
    21.2793548,
    -157.82868
  ],
  "Duke's Waikiki, Waikiki, Honolulu, HI": [
    21.2768421,
    -157.8277917
  ],
  "Gyu-Kaku Waikiki, Waikiki, Honolulu, HI": [
    21.280458,
    -157.8292466
  ],
  "Highway Inn, Kakaako, Honolulu, HI": [
    21.297622,
    -157.8614668
  ],
  "Hula Grill Waikiki, Waikiki, Honolulu, HI": [
    21.2769825,
    -157.8277491
  ],
  "Jax Wood Fired Pizza, Haleiwa, Honolulu, HI": [
    21.5883953,
    -158.1031468
  ],
  "Nico's Kailua, Kailua, Honolulu, HI": [
    21.4202073,
    -157.7476964
  ],
  "Noi Thai Cuisine, Waikiki, Honolulu, HI": [
    21.2779061,
    -157.827948
  ],
  "Side Street Inn, Ala Moana, Honolulu, HI": [
    21.2943239,
    -157.8474074
  ],
  "Smith & Kings, Chinatown, Honolulu, HI": [
    21.3113317,
    -157.8634757
  ],
  "Tim Ho Wan, Waikiki, Honolulu, HI": [
    21.279121,
    -157.829616
  ],
  "Tonkatsu Ginza Bairin, Waikiki, Honolulu, HI": [
    21.2801166,
    -157.8309164
  ],
  "Waikiki Shokudo, Waikiki, Honolulu, HI": [
    21.2805377,
    -157.8278334
  ]
}
