{
  "1120 12th Avenue, 2nd Floor, Honolulu, HI 96816": [
    21.2815985,
    -157.7995746
  ],
  "1200 Ala Moana Blvd, Ste B2115, Honolulu, HI 96814": [
    21.2927531,
    -157.8528417
  ],
  "150 Ka‘iulani Ave., Honolulu, HI 96815": [
    21.2779003,
    -157.8250674
  ],
  "1632 Hart St., Honolulu, HI 96817": [
    21.3242599,
    -157.8806806
  ],
  "2233 Kalakaua Avenue B310, Honolulu, HI, 96815": [
    21.278721,
    -157.8294248
  ],
  "2255 Kuhio Ave., Honolulu, HI, 96815": [
    21.2794303,
    -157.8269253
  ],
  "2299 Kuhio Ave, Honolulu, HI 96815": [
    21.2792525,
    -157.8265059
  ],
  "2365 Kalakaua Ave, Honolulu, HI 96815": [
    21.276499,
    -157.8268852
  ],
  "2380 Kūhiō Ave., Honolulu, HI 96815": [
    21.278464,
    -157.8244616
  ],
  "255 Beach Walk, Honolulu, HI 96815": [
    21.2800253,
    -157.8309648
  ],
  "2586 Kalākaua Ave, Honolulu, HI 96815": [
    21.2719973,
    -157.822408
  ],
  "298 Beach Walk, Honolulu, HI 96815": [
    21.2811161,
    -157.8307366
  ],
  "334 Seaside Ave, Suite 701, Honolulu, HI 96815": [
    21.2796322,
    -157.8280245
  ],
  "3536 Harding Ave., Honolulu, HI 96816": [
    21.2819849,
    -157.8009943
  ],
  "410 Atkinson Drive, Suite 1F4, Honolulu, HI 96814": [
    21.2905774,
    -157.8396521
  ],
  "412 Lewers Street, Honolulu, HI 96815": [
    21.2820881,
    -157.8281776
  ],
  "431 Nohonani St, Honolulu Hi 96815": [
    21.2800825,
    -157.825519
  ],
  "Appetito Craft Pizza & Wine Bar, Waikiki, Honolulu, HI": [
    21.2778478,
    -157.8246824
  ],
  "Banán, Waikiki, Honolulu, HI": [
    21.2773117,
    -157.8277843
  ],
  "Buho Cocina y Cantina, Waikiki, Honolulu, HI": [
    21.2793548,
    -157.82868
  ],
  "Duke's Waikiki, Waikiki, Honolulu, HI": [
    21.2768421,
    -157.8277917
  ],
  "Highway Inn, Kakaako, Honolulu, HI": [
    21.297622,
    -157.8614668
  ],
  "Hula Grill Waikiki, Waikiki, Honolulu, HI": [
    21.2769825,
    -157.8277491
  ],
  "Noi Thai Cuisine, Waikiki, Honolulu, HI": [
    21.2779061,
    -157.827948
  ],
  "Tonkatsu Ginza Bairin, Waikiki, Honolulu, HI": [
    21.2801166,
    -157.8309164
  ]
}
